dataset_id,repository,manual_review,note,pride_url
MSV000080527,MassIVE,True,ppx package not installed - requires manual extraction,https://massive.ucsd.edu/ProteoSAFe/dataset.jsp?task=MSV000080527
MSV000081439,MassIVE,True,ppx package not installed - requires manual extraction,https://massive.ucsd.edu/ProteoSAFe/dataset.jsp?task=MSV000081439
MSV000082648,MassIVE,True,ppx package not installed - requires manual extraction,https://massive.ucsd.edu/ProteoSAFe/dataset.jsp?task=MSV000082648
MSV000084172,MassIVE,True,ppx package not installed - requires manual extraction,https://massive.ucsd.edu/ProteoSAFe/dataset.jsp?task=MSV000084172
MSV000084442,MassIVE,True,ppx package not installed - requires manual extraction,https://massive.ucsd.edu/ProteoSAFe/dataset.jsp?task=MSV000084442
MSV000087225,MassIVE,True,ppx package not installed - requires manual extraction,https://massive.ucsd.edu/ProteoSAFe/dataset.jsp?task=MSV000087225
MSV000087743,MassIVE,True,ppx package not installed - requires manual extraction,https://massive.ucsd.edu/ProteoSAFe/dataset.jsp?task=MSV000087743
MSV000091456,MassIVE,True,ppx package not installed - requires manual extraction,https://massive.ucsd.edu/ProteoSAFe/dataset.jsp?task=MSV000091456
MSV000083991,MassIVE,True,ppx package not installed - requires manual extraction,https://massive.ucsd.edu/ProteoSAFe/dataset.jsp?task=MSV000083991
MSV000090437,MassIVE,True,ppx package not installed - requires manual extraction,https://massive.ucsd.edu/ProteoSAFe/dataset.jsp?task=MSV000090437
